chrom	pos	PS_child	label	ref	alt	variant_origin	inheritance
chr1	63953594	63946939	TP	A	G	germline	paternal
chr10	73238616	73219111	TP	C	T	germline	paternal
chr11	14203627	14183696	TP	A	T	germline	paternal
chr12	961758	941764	TP	G	A	germline	paternal
chr13	71166079	71146155	TP	C	G	germline	paternal
chr2	181591922	181572898	TP	A	G	germline	paternal
chr3	141768128	141749357	TP	T	A	germline	paternal
chr4	124836895	124817004	TP	G	A	germline	paternal
chr4	185342589	185325664	TP	G	A	germline	paternal
chr9	127549066	127529490	TP	T	C	germline	paternal
